DateTime,JobID,JobRun,MaterialID,LBLNAME
2025-05-28_10:54:08,SIM51539-C852M-HDWHIML-A118,3,MaterialID_SIM_292,SimLabelName_X
2025-05-28_11:01:24,SIM51539-C852M-HDWHIML-A118,3,MaterialID_SIM_292,SimLabelName_X
2025-05-28_11:03:54,SIM62392-C575M-HDWHIML-A340,2,MaterialID_SIM_169,SimLabelName_L
2025-05-28_11:04:59,SIM55146-C469M-HDWHIML-A226,4,MaterialID_SIM_332,SimLabelName_C
2025-05-28_11:05:54,SIM853-C530M-HDWHIML-A910,4,MaterialID_SIM_359,SimLabelName_I
2025-05-28_11:07:04,SIM41722-C572M-HDWHIML-A504,1,MaterialID_SIM_350,SimLabelName_O
2025-05-28_11:09:34,SIM50002-C890M-HDWHIML-A807,1,MaterialID_SIM_459,SimLabelName_D
2025-05-28_11:10:49,SIM56781-C784M-HDWHIML-A386,1,MaterialID_SIM_560,SimLabelName_N
2025-05-28_11:11:36,SIM2690-C827M-HDWHIML-A796,1,MaterialID_SIM_886,SimLabelName_R
2025-05-28_11:12:51,SIM59743-C323M-HDWHIML-A627,2,MaterialID_SIM_375,SimLabelName_X
2025-05-28_11:14:06,SIM31274-C246M-HDWHIML-A718,2,MaterialID_SIM_886,SimLabelName_V
2025-05-28_11:15:16,SIM6758-C493M-HDWHIML-A389,5,MaterialID_SIM_526,SimLabelName_O
2025-05-28_11:16:26,SIM66452-C477M-HDWHIML-A940,1,MaterialID_SIM_240,SimLabelName_N
2025-05-28_11:17:31,SIM46909-C220M-HDWHIML-A747,2,MaterialID_SIM_597,SimLabelName_A
2025-05-28_11:18:41,SIM79626-C386M-HDWHIML-A247,5,MaterialID_SIM_170,SimLabelName_Q
2025-05-28_11:19:51,SIM59334-C738M-HDWHIML-A819,3,MaterialID_SIM_734,SimLabelName_Y
2025-05-28_11:21:01,SIM60149-C652M-HDWHIML-A791,3,MaterialID_SIM_508,SimLabelName_X
2025-05-28_11:22:12,SIM26364-C922M-HDWHIML-A718,4,MaterialID_SIM_868,SimLabelName_Z
2025-05-28_11:23:32,SIM15049-C545M-HDWHIML-A872,4,MaterialID_SIM_828,SimLabelName_G
2025-05-28_11:24:32,SIM48061-C757M-HDWHIML-A192,1,MaterialID_SIM_582,SimLabelName_Z
2025-05-28_11:25:52,SIM61283-C904M-HDWHIML-A434,4,MaterialID_SIM_962,SimLabelName_U
2025-05-28_11:27:07,SIM75745-C813M-HDWHIML-A484,3,MaterialID_SIM_997,SimLabelName_G
2025-05-28_11:28:07,SIM70633-C499M-HDWHIML-A611,1,MaterialID_SIM_746,SimLabelName_Q
2025-05-28_11:29:17,SIM18101-C669M-HDWHIML-A790,2,MaterialID_SIM_341,SimLabelName_I
2025-05-28_11:30:27,SIM59237-C821M-HDWHIML-A919,1,MaterialID_SIM_131,SimLabelName_Q
2025-05-28_11:31:42,SIM81067-C716M-HDWHIML-A916,4,MaterialID_SIM_742,SimLabelName_X
2025-05-28_11:32:57,SIM58019-C566M-HDWHIML-A225,2,MaterialID_SIM_301,SimLabelName_H
2025-05-28_11:34:17,SIM33498-C731M-HDWHIML-A211,5,MaterialID_SIM_478,SimLabelName_C
2025-05-28_11:35:01,SIM23536-C372M-HDWHIML-A269,4,MaterialID_SIM_219,SimLabelName_A
2025-05-28_11:36:16,SIM12265-C377M-HDWHIML-A487,5,MaterialID_SIM_616,SimLabelName_K
2025-05-28_11:37:26,SIM86221-C892M-HDWHIML-A380,2,MaterialID_SIM_215,SimLabelName_T
2025-05-28_11:38:36,SIM54902-C132M-HDWHIML-A240,5,MaterialID_SIM_421,SimLabelName_G
2025-05-28_11:39:51,SIM32864-C380M-HDWHIML-A210,2,MaterialID_SIM_452,SimLabelName_N
2025-05-28_11:41:16,SIM93569-C421M-HDWHIML-A879,1,MaterialID_SIM_580,SimLabelName_M
2025-05-28_11:42:26,SIM86646-C707M-HDWHIML-A685,5,MaterialID_SIM_630,SimLabelName_C
2025-05-28_11:43:36,SIM53865-C763M-HDWHIML-A771,4,MaterialID_SIM_164,SimLabelName_O
2025-05-28_11:44:46,SIM32743-C392M-HDWHIML-A493,2,MaterialID_SIM_710,SimLabelName_Q
2025-05-28_11:45:56,SIM13866-C703M-HDWHIML-A530,4,MaterialID_SIM_121,SimLabelName_M
2025-05-28_11:47:12,SIM83925-C913M-HDWHIML-A504,4,MaterialID_SIM_500,SimLabelName_J
2025-05-28_11:48:22,SIM47801-C405M-HDWHIML-A602,4,MaterialID_SIM_462,SimLabelName_B
2025-05-28_11:49:37,SIM62843-C612M-HDWHIML-A962,5,MaterialID_SIM_715,SimLabelName_L
2025-05-28_11:50:47,SIM89557-C278M-HDWHIML-A265,1,MaterialID_SIM_103,SimLabelName_B
2025-05-28_11:51:52,SIM36760-C385M-HDWHIML-A399,3,MaterialID_SIM_873,SimLabelName_Q
